Company,Price,Duration (days),Description,Languages,Rating,Total Reviews,Url
Serengeti African Tours,1301,6,"Serengeti, Ngorongoro, Tarangire (with Materuni waterfalls, coffee tour) - 6 Days",English,5.0,98,https://www.tourradar.com/t/197456
Hazzes Adventure,5229,10,10 Days Tanzania Wildebeest Migration Safari,English+3 more,5.0,1,https://www.tourradar.com/t/167408
World Adventure Tours,1991,7,Big Five Luxury Safari in Tanzania **Sustainable Approach to Travel,English+3 more,5.0,77,https://www.tourradar.com/t/199790
National Geographic Journeys with G Adventures,2984,7,Tanzania Safari Experience National Geographic Journeys,English,5.0,4,https://www.tourradar.com/t/85774
Kiriwe Travel And Trekking Safaris Ltd,2038,5,5 Days Tanzania Enticing Explorations,English+8 more,5.0,1,https://www.tourradar.com/t/181344
Kiriwe Travel And Trekking Safaris Ltd,2853,7,7 Days Tanzania Classic Safari,English+8 more,5.0,1,https://www.tourradar.com/t/181244
Serengeti African Tours,1162,5,5 Days Tanzania Budget Safari,English+4 more,5.0,57,https://www.tourradar.com/t/179133
Spider Tours and Safaris,3579,5,"5 Days Big Five Tanzania Camping Safari ( Tarangire, Serengeti National Park and Ngorongoro Conservation Area ) (all accommodation and transport are included)",English,5.0,65,https://www.tourradar.com/t/125052
Prime Safaris,3056,8,"Simba Safari, Serena Lodges",English+4 more,4.8,3,https://www.tourradar.com/t/104906
Prime Safaris,3254,8,"Simba Safari, Tanganyika Wilderness Camps",English+4 more,4.8,3,https://www.tourradar.com/t/105011
G Adventures,1499,6,Tanzania Camping Adventure,English,5.0,44,https://www.tourradar.com/t/5196
African Polecat Safaris,1069,5,"5 day safari to Africa leading National Parks. (Serengeti, Ngorongoro & Lake Manyara)",English+2 more,5.0,12,https://www.tourradar.com/t/162298
Eatl Tour and Safari Group,2603,7,7-Day Calving Season and Great Migration Safari,English+5 more,,,https://www.tourradar.com/t/249938
World Adventure Tours,2742,11,Untamed Tanzania Safari & Culture 9 Days **Sustainable Approach to Travel,English+3 more,,,https://www.tourradar.com/t/264354
Kilimanjaro Economy Safari,1627,5,"Lake manyara, Serengeti and Ngorongoro conservation area",English,5.0,13,https://www.tourradar.com/t/137520
Kiriwe Travel And Trekking Safaris Ltd,2446,6,6 Days Tanzania Wildlife Encounters,English+6 more,5.0,1,https://www.tourradar.com/t/181253
Kiriwe Travel And Trekking Safaris Ltd,5392,9,9 Days Tanzania Wildebeest Migration Calving Season Package,English+8 more,5.0,2,https://www.tourradar.com/t/161101
Serengeti African Tours,2231,6,6 Days Tanzania Lodge Safari,English,5.0,41,https://www.tourradar.com/t/179649
Serengeti African Tours,883,5,4-days Serengeti Tanzania Safaris,English+4 more,5.0,28,https://www.tourradar.com/t/179670
Kiriwe Travel And Trekking Safaris Ltd,2928,7,7 Days Tanzania Camping Safari,English+8 more,4.8,26,https://www.tourradar.com/t/150338
"Migration Venture Africa ",2231,5,"5-Days 4 Nights Lodge Safari Tarangire, Serengeti, Ngorongoro Crater & Lake Manyara",English+3 more,5.0,37,https://www.tourradar.com/t/137013
Almighty Kilimanjaro,2789,6,6 days great migration safari,English,4.7,23,https://www.tourradar.com/t/153748
Kiriwe Travel And Trekking Safaris Ltd,7855,10,10 Days Tanzania Great Wildebeest Migration Mara River Crossing,English+8 more,4.8,10,https://www.tourradar.com/t/150457
African Polecat Safaris,1301,6,6 Day safari to Tanzania leading National Parks,English+2 more,5.0,6,https://www.tourradar.com/t/162453
World Adventure Tours,2345,7,Simba Luxury Adventure Safari **Sustainable Approach to Travel,English+3 more,5.0,1,https://www.tourradar.com/t/242639
Kiriwe Travel And Trekking Safaris Ltd,4881,8,8 Days Highlights of Tanzania,English+8 more,5.0,23,https://www.tourradar.com/t/149210
Professional Safari Africa,6987,9,9 Days - Tanzania Family Wildlife Safari,English+3 more,5.0,4,https://www.tourradar.com/t/160419
Almighty Kilimanjaro,3254,6,6 DAYS MIGRATION LODGING SAFARI,English,4.7,23,https://www.tourradar.com/t/221655
Tanzania Wildlife Adventures,2008,8,"Tarangire, Serengeti, Ngorongoro, Lake manyara , Materuni Waterfalls & Coffee Tour- 8 Days.(Accommodation and Transport are Included)",English+8 more,5.0,6,https://www.tourradar.com/t/250663
Great Lake Expedition,2789,5,5 Day Northern Tanzania Big 5 Safari,English,5.0,6,https://www.tourradar.com/t/201186
Kiriwe Travel And Trekking Safaris Ltd,2649,6,6 Days Tanzania Camping Safari,English+8 more,5.0,15,https://www.tourradar.com/t/162116
African Polecat Safaris,1562,7,7 days Visit all national parks in Tanzania plus Kilimanjaro Day Hike,English+2 more,5.0,6,https://www.tourradar.com/t/217938
Almighty Kilimanjaro,2789,5,5 DAY BIG FIVE SAFARI,English,5.0,2,https://www.tourradar.com/t/225403
African Polecat Safaris,1348,5,5 Days All Tanzania Northern Circuit parks,English+2 more,5.0,4,https://www.tourradar.com/t/166945
Kilimanjaro Safari Experience,2556,5,Manyara-Serengeti-Ngorongo-Tarangire,English+5 more,4.8,6,https://www.tourradar.com/t/161069
Jeep Safaris and Tours,4183,10,Explore Tanzania Big 5 - 10 Days Safari,English,5.0,1,https://www.tourradar.com/t/144742
Professional Safari Africa,3904,8,"8 Days Tanzania Familly Safari/Tarangire, Lake Manyara Serengeti, Ngorongoro Crater",English+4 more,5.0,1,https://www.tourradar.com/t/185434
Hazzes Adventure,3149,6,6 Days Tanzania Lodge Safari.,English+3 more,4.7,3,https://www.tourradar.com/t/168166
Great Lake Expedition,3347,6,6 Day Northern Tanzania Migration Safari,English,5.0,4,https://www.tourradar.com/t/201193
Kili Slope Tours And Safaris,3161,10,10-Day Join Group /Cultural Tour and Wildlife Safari,English+7 more,4.7,3,https://www.tourradar.com/t/160884
Almighty Kilimanjaro,3719,7,7 Days Serengeti Big 5 Safari,English,5.0,1,https://www.tourradar.com/t/257944
Almighty Kilimanjaro,2789,5,5 DAYS BIG 5 SAFARI,English,5.0,3,https://www.tourradar.com/t/153314
Tanzania Wildlife Adventures,1757,7,Lion Adventure Safari. (Accomodation and Transport are Included.),English+8 more,5.0,2,https://www.tourradar.com/t/250591
Almighty Kilimanjaro,4648,5,5 days walking Safari,English,5.0,2,https://www.tourradar.com/t/153749
Serengeti African Tours,2417,6,6 Days Highlights Of Africa Vacation Tour Package Tanzania,English+4 more,,,https://www.tourradar.com/t/178967
Prime Safaris,2574,7,"Kifaru Safari, Serena Lodges",English+4 more,,,https://www.tourradar.com/t/104882
Prime Safaris,3603,8,"Simba Safari, Serena Lodges - Private Tour",English+3 more,5.0,1,https://www.tourradar.com/t/197590
Prime Safaris,3150,7,"Kifaru Safari, Serena Lodges - Private Tour",English+3 more,,,https://www.tourradar.com/t/197604
Prime Safaris,3401,8,"Simba Safari, Tanganyika Wilderness Camps - Private Tour",English+3 more,4.8,3,https://www.tourradar.com/t/197596
Kilisa Tours & Safaris,3347,6,Cultural Tour - 6 Days,English,,,https://www.tourradar.com/t/156022
